date,home_team,away_team,winner,first_shooter
8/22/1967,India,Taiwan,Taiwan,
11/14/1971,South Korea,Vietnam Republic,South Korea,
5/7/1972,South Korea,Iraq,Iraq,
5/17/1972,Thailand,South Korea,South Korea,
5/19/1972,Thailand,Cambodia,Thailand,
4/21/1973,Senegal,Ghana,Ghana,
6/14/1973,Guinea,Mali,Guinea,
6/14/1973,Mauritius,Tanzania,Mauritius,
7/26/1973,Malaysia,Kuwait,Malaysia,
7/26/1973,Cambodia,Singapore,Singapore,
7/27/1973,Bangladesh,Thailand,Thailand,
7/28/1973,Myanmar,South Korea,Myanmar,
8/9/1973,India,Vietnam Republic,Vietnam Republic,
8/23/1973,Algeria,Syria,Syria,
8/25/1973,Algeria,Iraq,Algeria,
9/6/1973,Singapore,Vietnam Republic,Vietnam Republic,
3/28/1974,Qatar,United Arab Emirates,Qatar,
7/24/1974,Hong Kong,Indonesia,Indonesia,
8/1/1974,India,Indonesia,Indonesia,
10/9/1974,Syria,Morocco,Morocco,
11/22/1974,Libya,Tunisia,Tunisia,
12/18/1974,South Korea,Malaysia,South Korea,
7/13/1975,Morocco,Ghana,Morocco,
11/9/1975,Kenya,Malawi,Kenya,
12/9/1975,Thailand,Malaysia,Thailand,
12/23/1975,Libya,Syria,Syria,
6/20/1976,Czechoslovakia,Germany,Czechoslovakia,Czechoslovakia
12/22/1976,South Korea,Malaysia,Malaysia,
1/9/1977,Tunisia,Morocco,Tunisia,
3/22/1977,Argentina,Iran,Argentina,
6/26/1977,Zambia,Algeria,Zambia,
7/27/1977,Iran,Morocco,Iran,
8/31/1977,Paraguay,Argentina,Paraguay,
1/13/1979,Guinea-Bissau,Mali,Mali,
1/14/1979,Guinea-Bissau,Guinea,Guinea,
4/29/1979,Cameroon,Guinea,Guinea,
5/22/1979,Argentina,Netherlands,Argentina,Argentina
9/29/1979,Indonesia,Thailand,Indonesia,
2/16/1980,Gambia,Mauritania,Gambia,
3/19/1980,Algeria,Egypt,Algeria,
6/21/1980,Italy,Czechoslovakia,Czechoslovakia,Italy
7/12/1980,Nigeria,Tunisia,Nigeria,
11/30/1980,Zambia,Morocco,Morocco,
12/31/1980,Hong Kong,China PR,China PR,
2/13/1981,Mali,Guinea,Guinea,
5/10/1981,Rwanda,Ethiopia,Ethiopia,
12/13/1981,Malaysia,Singapore,Malaysia,
2/21/1982,Ivory Coast,Togo,Togo,
2/22/1982,Ivory Coast,Burkina Faso,Burkina Faso,
3/19/1982,Libya,Ghana,Ghana,
5/15/1982,Thailand,Singapore,Thailand,
5/17/1982,Thailand,South Korea,Thailand,
7/8/1982,Germany,France,Germany,France
10/17/1982,Indonesia,Malaysia,Indonesia,
11/27/1982,Uganda,Kenya,Kenya,
2/6/1983,Senegal,Niger,Senegal,
2/20/1983,Gambia,Sierra Leone,Gambia,
2/27/1983,Mali,Guinea,Mali,
4/22/1983,Egypt,Congo,Egypt,
4/24/1983,Mauritius,Ethiopia,Ethiopia,
6/4/1983,Thailand,Malaysia,Thailand,
7/18/1983,Hong Kong,Thailand,Thailand,
8/28/1983,Morocco,Nigeria,Nigeria,
12/15/1983,Ivory Coast,Mali,Ivory Coast,
12/18/1983,Mali,Nigeria,Mali,
2/16/1984,Sierra Leone,Mali,Sierra Leone,
2/19/1984,Sierra Leone,Senegal,Senegal,
3/14/1984,Egypt,Nigeria,Nigeria,
3/14/1984,Algeria,Cameroon,Cameroon,
3/28/1984,Iraq,Qatar,Iraq,
6/24/1984,Denmark,Spain,Spain,Denmark
7/15/1984,Senegal,Angola,Angola,
11/23/1984,Kenya,Somalia,Kenya,
11/28/1984,Ghana,Togo,Ghana,
12/8/1984,Kenya,Somalia,Kenya,
12/13/1984,Saudi Arabia,Iran,Saudi Arabia,
12/15/1984,Malawi,Zambia,Zambia,
12/16/1984,Iran,Kuwait,Kuwait,
12/16/1984,Chad,Equatorial Guinea,Chad,
12/19/1984,Central African Republic,Gabon,Gabon,
12/20/1984,Congo,Cameroon,Cameroon,
4/16/1985,Mozambique,Malawi,Mozambique,
4/21/1985,Madagascar,Egypt,Egypt,
7/10/1985,Bahrain,Qatar,Bahrain,
7/12/1985,Saudi Arabia,Qatar,Saudi Arabia,
8/25/1985,Mali,Guinea,Guinea,
9/15/1985,Mozambique,Libya,Mozambique,
10/11/1985,Kenya,Uganda,Kenya,
12/15/1985,Singapore,Malaysia,Singapore,
3/21/1986,Egypt,Cameroon,Egypt,
6/21/1986,Brazil,France,France,Brazil
6/21/1986,Mexico,Germany,Germany,Germany
6/22/1986,Spain,Belgium,Belgium,Spain
10/1/1986,Saudi Arabia,Iraq,Saudi Arabia,
10/1/1986,South Korea,Iran,South Korea,
10/1/1986,United Arab Emirates,Indonesia,Indonesia,
10/1/1986,Kuwait,China,Kuwait,
10/3/1986,Saudi Arabia,Kuwait,Saudi Arabia,
10/19/1986,Gabon,Angola,Angola,
12/17/1986,Chad,Gabon,Chad,
3/1/1987,Mali,Sierra Leone,Mali,
3/2/1987,Senegal,Sierra Leone,Senegal,
6/19/1987,Australia,Egypt,Australia,
6/21/1987,South Korea,Australia,South Korea,
7/19/1987,DR Congo,Senegal,DR Congo,
12/13/1987,Malawi,Zimbabwe,Zimbabwe,
12/18/1987,Equatorial Guinea,Gabon,Gabon,
12/27/1987,Ethiopia,Zimbabwe,Ethiopia,
1/6/1988,South Korea,Egypt,South Korea,
3/23/1988,Algeria,Nigeria,Nigeria,
3/26/1988,Morocco,Algeria,Algeria,
3/31/1988,Germany,Sweden,Sweden,Sweden
5/5/1988,Mali,Senegal,Mali,
5/8/1988,Guinea,Mali,Guinea,
5/28/1988,Canada,Greece,Canada,
7/19/1988,Egypt,Syria,Syria,
7/21/1988,Iraq,Syria,Iraq,
9/29/1988,Chile,Ecuador,Ecuador,
10/16/1988,Eswatini,Tanzania,Eswatini,
12/6/1988,Central African Republic,Gabon,Gabon,
12/17/1988,China PR,Iran,Iran,
12/18/1988,South Korea,Saudi Arabia,Saudi Arabia,South Korea
4/23/1989,Ghana,Gabon,Gabon,
4/23/1989,Kenya,Sudan,Kenya,
8/30/1989,Indonesia,Thailand,Indonesia,
11/8/1989,Iran,Uganda,Uganda,
11/12/1989,Iraq,Uganda,Iraq,
12/11/1989,Chad,Cameroon,Cameroon,
12/16/1989,Malawi,Uganda,Uganda,
1/28/1990,Nigeria,Senegal,Nigeria,
2/4/1990,United States,Colombia,Colombia,Colombia
2/20/1990,Colombia,Russia,Colombia,Colombia
5/18/1990,Zimbabwe,Eswatini,Zimbabwe,
6/25/1990,Republic of Ireland,Romania,Republic of Ireland,Romania
6/30/1990,Yugoslavia,Argentina,Argentina,Argentina
7/3/1990,Italy,Argentina,Argentina,Italy
7/4/1990,Germany,England,Germany,England
8/3/1990,China PR,South Korea,South Korea,
10/1/1990,Saudi Arabia,North Korea,North Korea,
10/6/1990,Iran,North Korea,Iran,
12/17/1990,Tanzania,Uganda,Uganda,
12/17/1990,Central African Republic,Equatorial Guinea,Central African Republic,
1/21/1991,Cameroon,Algeria,Cameroon,
1/21/1991,Senegal,Ivory Coast,Ivory Coast,
1/22/1991,Senegal,Algeria,Senegal,
1/23/1991,Ivory Coast,Cameroon,Ivory Coast,
6/14/1991,South Korea,Australia,South Korea,
6/16/1991,Italy,Russia,Italy,Russia
7/7/1991,United States,Honduras,United States,United States
8/8/1991,Czechoslovakia,Yugoslavia,Czechoslovakia,
9/20/1991,Fiji,Solomon Islands,Fiji,
9/28/1991,Egypt,Mali,Egypt,
12/2/1991,Indonesia,Singapore,Indonesia,
12/4/1991,Indonesia,Thailand,Indonesia,
1/23/1992,Cameroon,Ivory Coast,Ivory Coast,
1/26/1992,Ghana,Ivory Coast,Ivory Coast,Ghana
6/22/1992,Netherlands,Denmark,Denmark,Netherlands
6/27/1992,Cuba,Martinique,Martinique,
8/29/1992,Japan,South Korea,Japan,
9/15/1992,Syria,Egypt,Egypt,
11/8/1992,China PR,United Arab Emirates,China PR,
11/25/1992,Uganda,Zambia,Uganda,
1/23/1993,Japan,Switzerland,Switzerland,
2/20/1993,Finland,Estonia,Finland,
2/24/1993,Argentina,Denmark,Argentina,Argentina
5/27/1993,Bolivia,Paraguay,Bolivia,
5/28/1993,Martinique,Saint Kitts and Nevis,Martinique,
5/30/1993,Jamaica,Martinique,Martinique,
6/17/1993,Singapore,Myanmar,Singapore,
6/26/1993,Colombia,Uruguay,Colombia,Colombia
6/27/1993,Brazil,Argentina,Argentina,Brazil
7/1/1993,Colombia,Argentina,Argentina,Colombia
8/15/1993,Australia,Canada,Australia,Australia
10/24/1993,Burundi,Guinea,Guinea,
1/29/1994,Burkina Faso,Guinea,Burkina Faso,
4/6/1994,Nigeria,Ivory Coast,Nigeria,
7/5/1994,Mexico,Bulgaria,Bulgaria,Mexico
7/10/1994,Romania,Sweden,Sweden,Sweden
7/17/1994,Brazil,Italy,Brazil,Italy
12/8/1994,Tanzania,Uganda,Tanzania,
1/10/1995,Denmark,Mexico,Denmark,Denmark
1/13/1995,Mexico,Nigeria,Mexico,
2/26/1995,Japan,South Korea,Japan,
3/31/1995,India,Bangladesh,India,
5/21/1995,Antigua and Barbuda,Saint Kitts and Nevis,Antigua and Barbuda,
6/9/1995,Paraguay,Bolivia,Paraguay,
7/16/1995,Paraguay,Colombia,Colombia,Colombia
7/17/1995,United States,Mexico,United States,United States
7/17/1995,Brazil,Argentina,Brazil,Brazil
7/23/1995,Uruguay,Brazil,Uruguay,Uruguay
8/24/1995,Fiji,Solomon Islands,Solomon Islands,
11/28/1995,Mauritania,Sierra Leone,Sierra Leone,
12/2/1995,Gabon,Cameroon,Cameroon,
12/2/1995,Algeria,Ivory Coast,Ivory Coast,
12/6/1995,Ethiopia,Zanzibar,Zanzibar,
12/7/1995,Honduras,Costa Rica,Honduras,
1/28/1996,Gabon,Tunisia,Tunisia,
2/22/1996,Japan,Sweden,Sweden,
4/28/1996,Barbados,Jamaica,Jamaica,
5/5/1996,Guyana,Suriname,Suriname,
6/5/1996,Martinique,Suriname,Martinique,
6/22/1996,England,Spain,England,England
6/22/1996,France,Netherlands,France,Netherlands
6/26/1996,France,Czech Republic,Czech Republic,France
6/26/1996,England,Germany,Germany,England
8/25/1996,Ethiopia,Uganda,Ethiopia,
11/29/1996,Sudan,Kenya,Sudan,
12/11/1996,Morocco,Croatia,Croatia,
12/12/1996,Croatia,Czech Republic,Croatia,
12/19/1996,Iran,Saudi Arabia,Saudi Arabia,Iran
12/21/1996,Iran,Kuwait,Iran,Kuwait
12/21/1996,United Arab Emirates,Saudi Arabia,Saudi Arabia,Saudi Arabia
12/27/1996,Benin,Burkina Faso,Benin,
2/7/1997,Russia,Serbia,Russia,
4/10/1997,India,Iraq,Iraq,
6/22/1997,Ecuador,Mexico,Mexico,Ecuador
7/10/1997,Trinidad and Tobago,Jamaica,Trinidad and Tobago,
10/18/1997,Indonesia,Thailand,Thailand,
10/20/1997,Haiti,Cuba,Haiti,
10/22/1997,Cuba,Cameroon,Cuba,
12/7/1997,Gambia,Guinea,Guinea,
1/31/1998,Egypt,South Korea,South Korea,
1/31/1998,Iran,Chile,Iran,
2/21/1998,Burkina Faso,Tunisia,Burkina Faso,
2/21/1998,Ivory Coast,Egypt,Egypt,
2/27/1998,Burkina Faso,DR Congo,DR Congo,
4/22/1998,Hungary,North Macedonia,Hungary,
5/29/1998,Belgium,England,Belgium,Belgium
5/29/1998,Morocco,France,Morocco,Morocco
6/30/1998,Argentina,England,Argentina,Argentina
7/3/1998,France,Italy,France,France
7/7/1998,Brazil,Netherlands,Brazil,Brazil
9/5/1998,Indonesia,Thailand,Indonesia,
11/17/1998,Guatemala,Honduras,Guatemala,
11/18/1998,Guatemala,Mexico,Guatemala,
12/2/1998,United Arab Emirates,North Korea,United Arab Emirates,
12/14/1998,Qatar,Kuwait,Kuwait,
5/22/1999,Malawi,Namibia,Namibia,
6/16/1999,Thailand,New Zealand,Thailand,
6/19/1999,New Zealand,Poland,Poland,
7/10/1999,Mexico,Peru,Mexico,Mexico
7/10/1999,Paraguay,Uruguay,Uruguay,Uruguay
7/13/1999,Uruguay,Chile,Uruguay,Uruguay
7/18/1999,Eswatini,Zimbabwe,Eswatini,
7/31/1999,Namibia,South Africa,Namibia,
8/3/1999,Rwanda,Kenya,Kenya,
8/7/1999,Rwanda,Burundi,Rwanda,
8/7/1999,Zambia,Mozambique,Zambia,
8/14/1999,Indonesia,Singapore,Indonesia,
8/28/1999,Namibia,Eswatini,Namibia,
11/26/1999,Gabon,Togo,Togo,
2/4/2000,Romania,Georgia,Romania,
2/12/2000,South Africa,Tunisia,South Africa,
2/13/2000,Nigeria,Cameroon,Cameroon,Nigeria
2/19/2000,United States,Colombia,Colombia,United States
3/19/2000,Suriname,Saint Lucia,Suriname,
4/29/2000,British Virgin Islands,Sint Maarten,British Virgin Islands,
4/30/2000,British Virgin Islands,Antigua and Barbuda,Antigua and Barbuda,
5/10/2000,Maldives,Sri Lanka,Sri Lanka,
5/11/2000,Senegal,Mali,Senegal,
5/20/2000,Malawi,Angola,Angola,
5/21/2000,Barbados,Cuba,Barbados,
6/4/2000,France,Japan,France,France
6/7/2000,Iran,Egypt,Egypt,
6/11/2000,Lesotho,Zambia,Lesotho,
6/29/2000,Netherlands,Italy,Italy,Italy
7/14/2000,Libya,Chad,Libya,
7/16/2000,Mozambique,Lesotho,Lesotho,
9/3/2000,Togo,Sierra Leone,Togo,
10/4/2000,United Arab Emirates,South Korea,United Arab Emirates,
10/28/2000,Kenya,Uganda,Uganda,
12/2/2000,Ethiopia,Rwanda,Ethiopia,
1/17/2001,China PR,Egypt,Egypt,
1/27/2001,South Korea,Paraguay,South Korea,
2/11/2001,Eswatini,Zambia,Eswatini,
7/12/2001,Ynys Môn,Jersey,Ynys Môn,
7/13/2001,Guernsey,Ynys Môn,Guernsey,
7/29/2001,Uruguay,Honduras,Honduras,Uruguay
8/3/2001,China PR,North Korea,North Korea,
8/3/2001,Kuwait,Trinidad and Tobago,Kuwait,
8/5/2001,Kuwait,North Korea,North Korea,
8/18/2001,Zambia,Angola,Angola,
10/24/2001,Kenya,Uganda,Kenya,
10/24/2001,Tanzania,DR Congo,Tanzania,
12/18/2001,Ethiopia,Burundi,Ethiopia,
1/6/2002,Martinique,Haiti,Martinique,
1/26/2002,Canada,Martinique,Canada,Canada
1/27/2002,Mexico,South Korea,South Korea,South Korea
1/30/2002,United States,Canada,United States,United States
2/10/2002,Senegal,Cameroon,Cameroon,Cameroon
2/12/2002,Cyprus,Switzerland,Cyprus,
2/15/2002,China PR,Slovenia,Slovenia,
2/16/2002,Thailand,North Korea,North Korea,
3/30/2002,Botswana,South Africa,South Africa,
5/17/2002,Russia,Belarus,Belarus,
5/19/2002,Russia,Serbia,Serbia,
6/16/2002,Spain,Republic of Ireland,Spain,Republic of Ireland
6/22/2002,South Korea,Spain,South Korea,South Korea
7/21/2002,South Africa,Madagascar,South Africa,
9/5/2002,Iraq,Iran,Iraq,
9/7/2002,Syria,Iran,Iran,
9/17/2002,Iran,Morocco,Iran,
9/19/2002,Iran,Paraguay,Iran,
10/23/2002,Kenya,South Africa,Kenya,
10/26/2002,Tanzania,South Africa,South Africa,
10/26/2002,Kenya,Uganda,Kenya,
11/19/2002,South Africa,Senegal,Senegal,
12/27/2002,Niger,Burkina Faso,Burkina Faso,
12/29/2002,Niger,Mali,Niger,
1/20/2003,Bangladesh,Maldives,Bangladesh,
2/4/2003,Uruguay,Iran,Uruguay,Iran
3/7/2003,Benin,Niger,Benin,
3/15/2003,Guadeloupe,French Guiana,Guadeloupe,
3/22/2003,Mozambique,Lesotho,Mozambique,
3/27/2003,Tunisia,Ghana,Tunisia,
3/30/2003,Ghana,Madagascar,Ghana,
5/24/2003,Botswana,Malawi,Malawi,
7/9/2003,New Caledonia,Vanuatu,New Caledonia,
8/16/2003,Malawi,Zambia,Malawi,
9/24/2003,Algeria,Gabon,Algeria,
9/26/2003,Algeria,Burkina Faso,Algeria,
12/8/2003,Kenya,Rwanda,Rwanda,
12/8/2003,Sudan,Uganda,Uganda,
2/11/2004,Tunisia,Nigeria,Tunisia,
2/19/2004,Kazakhstan,Armenia,Kazakhstan,
2/28/2004,Lesotho,Botswana,Botswana,
6/23/2004,Jordan,Syria,Syria,
6/24/2004,Portugal,England,Portugal,England
6/26/2004,Sweden,Netherlands,Netherlands,Sweden
7/18/2004,Angola,Botswana,Angola,
7/21/2004,Uruguay,Brazil,Brazil,Brazil
7/25/2004,Argentina,Brazil,Brazil,Argentina
7/30/2004,Uzbekistan,Bahrain,Bahrain,Bahrain
7/31/2004,Japan,Jordan,Japan,Japan
8/3/2004,China PR,Iran,China PR,China PR
10/22/2004,Nigeria,Ecuador,Ecuador,
10/24/2004,Zimbabwe,Zambia,Zambia,
11/20/2004,Zambia,Angola,Angola,
11/30/2004,Thailand,Estonia,Thailand,
11/30/2004,Singapore,Hong Kong,Hong Kong,
12/2/2004,Thailand,Slovakia,Slovakia,
12/3/2004,Bahrain,Latvia,Bahrain,
12/3/2004,Finland,Oman,Oman,
12/22/2004,Ethiopia,Kenya,Ethiopia,
12/24/2004,Qatar,Oman,Qatar,
2/8/2005,Cyprus,Austria,Cyprus,
2/9/2005,Austria,Latvia,Latvia,
2/27/2005,Costa Rica,Honduras,Costa Rica,
4/16/2005,Namibia,Botswana,Botswana,
5/15/2005,Jersey,Guernsey,Guernsey,
6/26/2005,Mexico,Argentina,Argentina,Mexico
7/17/2005,South Africa,Panama,Panama,Panama
7/24/2005,United States,Panama,United States,Panama
7/28/2005,Kuwait,United Arab Emirates,United Arab Emirates,
7/30/2005,Egypt,United Arab Emirates,Egypt,
8/13/2005,South Africa,Zambia,Zambia,
8/15/2005,Ukraine,Israel,Israel,
11/16/2005,Australia,Uruguay,Australia,Australia
12/10/2005,Syria,Iraq,Iraq,
12/10/2005,Zanzibar,Uganda,Zanzibar,
2/4/2006,Nigeria,Tunisia,Nigeria,
2/4/2006,Cameroon,Ivory Coast,Ivory Coast,
2/10/2006,Egypt,Ivory Coast,Egypt,Egypt
2/28/2006,Finland,Kazakhstan,Kazakhstan,
3/1/2006,Finland,Belarus,Finland,
4/29/2006,Lesotho,Mozambique,Lesotho,
4/30/2006,Mauritius,Mozambique,Mozambique,
5/21/2006,Botswana,South Africa,Botswana,
6/3/2006,Northern Cyprus,Zanzibar,Northern Cyprus,
6/26/2006,Switzerland,Ukraine,Ukraine,Ukraine
6/30/2006,Germany,Argentina,Germany,Germany
7/1/2006,England,Portugal,Portugal,Portugal
7/9/2006,Italy,France,Italy,Italy
7/22/2006,Namibia,Seychelles,Seychelles,
4/29/2007,Mozambique,Zimbabwe,Mozambique,
5/6/2007,Guernsey,Jersey,Jersey,
5/26/2007,Malawi,South Africa,South Africa,
5/26/2007,Eswatini,Mauritius,Mauritius,
7/10/2007,Uruguay,Brazil,Brazil,Brazil
7/21/2007,Japan,Australia,Japan,Australia
7/22/2007,Iran,South Korea,South Korea,South Korea
7/25/2007,Iraq,South Korea,Iraq,South Korea
7/28/2007,South Korea,Japan,South Korea,South Korea
7/29/2007,Botswana,Angola,Botswana,
10/24/2007,South Africa,Zambia,South Africa,
5/5/2008,Jersey,Guernsey,Jersey,
6/20/2008,Croatia,Turkey,Turkey,Croatia
6/22/2008,Spain,Italy,Spain,Spain
7/27/2008,Zambia,Zimbabwe,Zambia,
6/26/2009,Provence,Sápmi,Sápmi,
7/23/2009,Costa Rica,Mexico,Mexico,Mexico
10/28/2009,Zimbabwe,South Africa,Zimbabwe,
1/25/2010,Zambia,Nigeria,Nigeria,
6/29/2010,Paraguay,Japan,Paraguay,Paraguay
7/2/2010,Uruguay,Ghana,Uruguay,Uruguay
1/25/2011,Japan,South Korea,Japan,Japan
2/8/2011,Romania,Ukraine,Ukraine,
2/9/2011,Sweden,Ukraine,Ukraine,
5/8/2011,Guernsey,Jersey,Jersey,
6/8/2011,Uruguay,Netherlands,Uruguay,Netherlands
6/18/2011,Costa Rica,Honduras,Honduras,Costa Rica
6/19/2011,Panama,El Salvador,Panama,Panama
6/29/2011,Saare County,Åland Islands,Åland Islands,
6/30/2011,Isle of Man,Menorca,Menorca,
7/12/2011,Saint Lucia,Aruba,Saint Lucia,
7/16/2011,Argentina,Uruguay,Uruguay,Argentina
7/17/2011,Brazil,Paraguay,Paraguay,Brazil
7/20/2011,Paraguay,Venezuela,Paraguay,Paraguay
2/5/2012,Gabon,Mali,Mali,Gabon
2/12/2012,Zambia,Ivory Coast,Zambia,Ivory Coast
6/3/2012,Finland,Latvia,Latvia,Finland
6/17/2012,Mozambique,Tanzania,Mozambique,
6/24/2012,England,Italy,Italy,Italy
6/27/2012,Portugal,Spain,Spain,Spain
8/25/2012,Alderney,Sealand,Sealand,
9/2/2012,India,Cameroon,India,
10/13/2012,Uganda,Zambia,Zambia,
11/21/2012,Argentina,Brazil,Brazil,Argentina
1/23/2013,Sweden,North Korea,Sweden,
2/2/2013,South Africa,Mali,Mali,South Africa
2/6/2013,Burkina Faso,Ghana,Burkina Faso,Ghana
6/27/2013,Spain,Italy,Spain,Italy
6/30/2013,Uruguay,Italy,Italy,Uruguay
7/13/2013,Zimbabwe,Malawi,Zimbabwe,
7/14/2013,Angola,Lesotho,Lesotho,
7/17/2013,Zambia,South Africa,Zambia,
5/5/2014,Sealand,Chagos Islands,Chagos Islands,
5/29/2014,Latvia,Estonia,Latvia,Estonia
6/4/2014,Abkhazia,South Ossetia,South Ossetia,
6/4/2014,Ellan Vannin,Iraqi Kurdistan,Ellan Vannin,
6/5/2014,Padania,Abkhazia,Padania,
6/5/2014,Occitania,Iraqi Kurdistan,Iraqi Kurdistan,
6/7/2014,Padania,Iraqi Kurdistan,Padania,
6/8/2014,County of Nice,Ellan Vannin,County of Nice,
6/28/2014,Brazil,Chile,Brazil,Brazil
6/29/2014,Costa Rica,Greece,Costa Rica,Costa Rica
7/5/2014,Netherlands,Costa Rica,Netherlands,Costa Rica
7/9/2014,Netherlands,Argentina,Argentina,Netherlands
1/23/2015,Iran,Iraq,Iraq,Iran
1/23/2015,Japan,United Arab Emirates,United Arab Emirates,Japan
1/30/2015,Curaçao,Aruba,Aruba,
2/7/2015,Equatorial Guinea,DR Congo,DR Congo,Equatorial Guinea
2/8/2015,Ivory Coast,Ghana,Ivory Coast,Ghana
5/24/2015,Zambia,Namibia,Namibia,
5/24/2015,South Africa,Botswana,Botswana,
5/25/2015,Mozambique,Malawi,Mozambique,
5/27/2015,South Africa,Malawi,Malawi,
6/21/2015,Ellan Vannin,Felvidék,Ellan Vannin,
6/26/2015,Argentina,Colombia,Argentina,Colombia
6/27/2015,Brazil,Paraguay,Paraguay,Brazil
7/2/2015,Gibraltar,Åland Islands,Åland Islands,
7/4/2015,Chile,Argentina,Chile,Chile
7/19/2015,Trinidad and Tobago,Panama,Panama,Panama
7/25/2015,United States,Panama,Panama,United States
10/13/2015,El Salvador,Guatemala,Guatemala,
5/27/2016,Corsica,Basque Country,Basque Country,
6/1/2016,United Koreans in Japan,Northern Cyprus,Northern Cyprus,
6/2/2016,Iraqi Kurdistan,Padania,Padania,
6/3/2016,Bosnia and Herzegovina,Denmark,Bosnia and Herzegovina,
6/3/2016,Thailand,Syria,Thailand,
6/3/2016,Vietnam,Hong Kong,Vietnam,
6/3/2016,Iraqi Kurdistan,Western Armenia,Western Armenia,
6/3/2016,Chagos Islands,Raetia,Raetia,
6/4/2016,United Koreans in Japan,Iraqi Kurdistan,United Koreans in Japan,United Koreans in Japan
6/5/2016,Abkhazia,Panjab,Abkhazia,
6/11/2016,Papua New Guinea,New Zealand,New Zealand,New Zealand
6/17/2016,Peru,Colombia,Colombia,Colombia
6/18/2016,Namibia,Botswana,Botswana,
6/18/2016,South Africa,Lesotho,South Africa,
6/19/2016,Zambia,Eswatini,Eswatini,
6/22/2016,Botswana,DR Congo,Botswana,
6/25/2016,Switzerland,Poland,Poland,Switzerland
6/26/2016,Argentina,Chile,Chile,Chile
6/30/2016,Poland,Portugal,Portugal,Portugal
7/2/2016,Germany,Italy,Germany,Italy
8/1/2016,Felvidék,Kárpátalja,Felvidék,
1/11/2017,Chile,Croatia,Chile,
1/14/2017,China PR,Croatia,China PR,
1/28/2017,Senegal,Cameroon,Cameroon,Senegal
2/1/2017,Burkina Faso,Egypt,Egypt,Egypt
6/9/2017,Kárpátalja,Ellan Vannin,Kárpátalja,
6/9/2017,Padania,Abkhazia,Padania,
6/10/2017,Northern Cyprus,Padania,Padania,
6/28/2017,Portugal,Chile,Chile,Chile
6/29/2017,Hitra,Western Isles,Western Isles,
6/29/2017,Greenland,Menorca,Greenland,
7/1/2017,Namibia,Lesotho,Lesotho,
7/7/2017,Tanzania,Lesotho,Tanzania,
7/16/2017,Thailand,Belarus,Thailand,
3/21/2018,South Africa,Angola,South Africa,
3/21/2018,Zambia,Zimbabwe,Zambia,
3/22/2018,Thailand,Gabon,Thailand,
3/24/2018,Angola,Zimbabwe,Angola,
6/2/2018,Zambia,Namibia,Zambia,
6/3/2018,Andorra,Cape Verde,Cape Verde,
6/3/2018,South Africa,Madagascar,Madagascar,
6/3/2018,Zimbabwe,Botswana,Zimbabwe,
6/5/2018,Matabeleland,Kabylia,Kabylia,
6/6/2018,Lesotho,Zimbabwe,Zimbabwe,
6/9/2018,Tibet,United Koreans in Japan,United Koreans in Japan,
6/9/2018,Panjab,Cascadia,Panjab,
6/9/2018,Padania,Székely Land,Padania,
6/9/2018,Northern Cyprus,Kárpátalja,Kárpátalja,
7/1/2018,Russia,Spain,Russia,Spain
7/1/2018,Croatia,Denmark,Croatia,Denmark
7/3/2018,Colombia,England,England,Colombia
7/7/2018,Russia,Croatia,Croatia,Russia
1/20/2019,Jordan,Vietnam,Vietnam,Vietnam
1/21/2019,Australia,Uzbekistan,Australia,Australia
3/23/2019,Oman,Singapore,Oman,
5/11/2019,Guernsey,Jersey,Jersey,
6/1/2019,Lesotho,Uganda,Lesotho,
6/2/2019,South Africa,Botswana,Botswana,
6/2/2019,Zambia,Malawi,Zambia,
6/4/2019,South Africa,Uganda,South Africa,
6/5/2019,Zimbabwe,Zambia,Zambia,
6/6/2019,Abkhazia,Western Armenia,Western Armenia,
6/6/2019,South Ossetia,Chameria,South Ossetia,
6/7/2019,Lesotho,Zimbabwe,Zimbabwe,
6/7/2019,South Africa,Malawi,South Africa,
6/8/2019,Abkhazia,Chameria,Abkhazia,
6/9/2019,Switzerland,England,England,England
6/27/2019,Brazil,Paraguay,Brazil,Paraguay
6/28/2019,Colombia,Chile,Chile,Colombia
6/29/2019,Mexico,Costa Rica,Mexico,Mexico
6/29/2019,Uruguay,Peru,Peru,Uruguay
7/5/2019,Morocco,Benin,Benin,Benin
7/7/2019,Madagascar,DR Congo,Madagascar,Madagascar
7/8/2019,Ghana,Tunisia,Tunisia,Ghana
7/11/2019,Ivory Coast,Algeria,Algeria,Algeria
9/8/2019,Tanzania,Burundi,Tanzania,Tanzania
10/13/2019,Chad,Liberia,Chad,
10/13/2019,Gambia,Djibouti,Gambia,
10/8/2020,Bosnia and Herzegovina,Northern Ireland,Northern Ireland,Bosnia and Herzegovina
10/8/2020,Slovakia,Republic of Ireland,Slovakia,Slovakia
10/8/2020,Scotland,Israel,Scotland,Scotland
11/12/2020,Serbia,Scotland,Scotland,Scotland
6/3/2021,Mexico,Costa Rica,Mexico,Mexico
6/6/2021,Honduras,Costa Rica,Honduras,Costa Rica
6/28/2021,France,Switzerland,Switzerland,Switzerland
7/2/2021,Peru,Paraguay,Peru,Paraguay
7/2/2021,Switzerland,Spain,Spain,Spain
7/3/2021,Uruguay,Colombia,Colombia,Colombia
7/6/2021,Italy,Spain,Italy,Italy
7/6/2021,Trinidad and Tobago,French Guiana,Trinidad and Tobago,French Guiana
7/6/2021,Argentina,Colombia,Argentina,Colombia
7/6/2021,Guatemala,Guadeloupe,Guadeloupe,Guatemala
7/11/2021,England,Italy,Italy,Italy
7/16/2021,Senegal,Eswatini,Senegal,Eswatini
7/18/2021,Eswatini,Mozambique,Eswatini,Mozambique
7/18/2021,South Africa,Senegal,South Africa,South Africa
11/19/2021,Sri Lanka,Seychelles,Seychelles,
12/11/2021,Morocco,Algeria,Algeria,Algeria
12/18/2021,Qatar,Egypt,Qatar,Qatar
1/23/2022,Burkina Faso,Gabon,Burkina Faso,Gabon
1/26/2022,Ivory Coast,Egypt,Egypt,Ivory Coast
1/26/2022,Mali,Equatorial Guinea,Equatorial Guinea,Equatorial Guinea
2/3/2022,Cameroon,Egypt,Egypt,Cameroon
2/5/2022,Cameroon,Burkina Faso,Cameroon,Cameroon
2/6/2022,Senegal,Egypt,Senegal,Senegal
3/25/2022,Tajikistan,Uganda,Uganda,
3/29/2022,Kazakhstan,Moldova,Kazakhstan,Moldova
3/29/2022,Senegal,Egypt,Senegal,Senegal
6/13/2022,Australia,Peru,Australia,Australia
6/14/2022,Chile,Ghana,Ghana,Chile
9/22/2022,Thailand,Malaysia,Malaysia,
9/23/2022,Iraq,Oman,Oman,
9/25/2022,Malaysia,Tajikistan,Tajikistan,
11/16/2022,Lithuania,Iceland,Iceland,Lithuania
11/16/2022,Latvia,Estonia,Latvia,Latvia
11/19/2022,Latvia,Iceland,Iceland,Iceland
12/5/2022,Japan,Croatia,Croatia,Japan
12/6/2022,Morocco,Spain,Morocco,Morocco
12/9/2022,Croatia,Brazil,Croatia,Croatia
12/9/2022,Netherlands,Argentina,Argentina,Netherlands
12/18/2022,Argentina,France,Argentina,France
6/16/2023,Curaçao,Saint Kitts and Nevis,Saint Kitts and Nevis,Saint Kitts and Nevis
6/17/2023,Guyana,Grenada,Guyana,Guyana
6/17/2023,Suriname,Puerto Rico,Puerto Rico,Suriname
6/18/2023,Croatia,Spain,Spain,Croatia
6/20/2023,Saint Kitts and Nevis,French Guiana,Saint Kitts and Nevis,French Guiana
7/1/2023,India,Lebanon,India,India
7/4/2023,India,Kuwait,India,India
7/9/2023,United States,Canada,United States,Canada
7/9/2023,Orkney,Greenland,Greenland,
7/13/2023,Åland,Falkland Islands,Åland,Åland
7/12/2023,United States,Panama,Panama,United States
9/7/2023,Iraq,India,Iraq,India
9/10/2023,Thailand,Iraq,Iraq,Thailand
10/13/2023,Iraq,Qatar,Qatar,Qatar
11/21/2023,Mexico,Honduras,Mexico,Mexico
1/28/2024,Egypt,DR Congo,DR Congo,Egypt
1/28/2024,Tajikistan,United Arab Emirates,Tajikistan,Tajikistan
1/29/2024,Ivory Coast,Senegal,Ivory Coast,Senegal
1/30/2024,Saudi Arabia,South Korea,South Korea,Saudi Arabia
1/31/2024,Iran,Syria,Iran,Iran
2/3/2024,Cape Verde,South Africa,South Africa,Cape Verde
2/3/2024,Qatar,Uzbekistan,Qatar,Uzbekistan
2/7/2024,Nigeria,South Africa,Nigeria,Nigeria
